{
  "base_link": {
    "position": [
      0.0,
      0.0,
      0.0
    ],
    "orientation": {
      "rpy_deg": [
        0.0,
        0.0,
        0.0
      ],
      "quaternion": [
        0.0,
        0.0,
        0.0,
        1.0
      ]
    },
    "transform_matrix": [
      [
        1.0,
        0.0,
        0.0,
        0.0
      ],
      [
        0.0,
        1.0,
        0.0,
        0.0
      ],
      [
        0.0,
        0.0,
        1.0,
        0.0
      ],
      [
        0.0,
        0.0,
        0.0,
        1.0
      ]
    ]
  },
  "link1": {
    "position": [
      0.0,
      0.0,
      0.05
    ],
    "orientation": {
      "rpy_deg": [
        0.0,
        0.0,
        28.64788975654116
      ],
      "quaternion": [
        0.0,
        0.0,
        0.2474039592545229,
        0.9689124217106447
      ]
    },
    "transform_matrix": [
      [
        0.8775825618903728,
        -0.479425538604203,
        0.0,
        0.0
      ],
      [
        0.479425538604203,
        0.8775825618903728,
        0.0,
        0.0
      ],
      [
        0.0,
        0.0,
        1.0,
        0.05
      ],
      [
        0.0,
        0.0,
        0.0,
        1.0
      ]
    ]
  },
  "link2": {
    "position": [
      0.0,
      0.0,
      0.55
    ],
    "orientation": {
      "rpy_deg": [
        0.0,
        -17.18873385392469,
        28.64788975654117
      ],
      "quaternion": [
        0.036971585637570345,
        -0.14479246283091118,
        0.24462587947773937,
        0.9580325796404555
      ]
    },
    "transform_matrix": [
      [
        0.8383866435942036,
        -0.479425538604203,
        -0.2593433800522308,
        0.0
      ],
      [
        0.45801271084729195,
        0.8775825618903728,
        -0.1416799342470381,
        0.0
      ],
      [
        0.29552020666133955,
        0.0,
        0.955336489125606,
        0.55
      ],
      [
        0.0,
        0.0,
        0.0,
        1.0
      ]
    ]
  },
  "end_effector": {
    "position": [
      -0.10373735202089232,
      -0.05667197369881524,
      0.9321345956502425
    ],
    "orientation": {
      "rpy_deg": [
        40.10704565915762,
        -17.18873385392469,
        28.647889756541154
      ],
      "quaternion": [
        0.36323736972823584,
        -0.052132410889548,
        0.2794438940784743,
        0.8872721876797529
      ]
    },
    "transform_matrix": [
      [
        0.8383866435942036,
        -0.5337584700837362,
        0.11049765362538343,
        -0.10373735202089232
      ],
      [
        0.45801271084729195,
        0.5799394465903427,
        -0.673716999184971,
        -0.05667197369881524
      ],
      [
        0.29552020666133955,
        0.6154446635582734,
        0.7306816499355124,
        0.9321345956502425
      ],
      [
        0.0,
        0.0,
        0.0,
        1.0
      ]
    ]
  }
}